t,x_1,x_2,x_3,x_4,x_5,x_6,fb,fa,Tr,dx_dt_1,dx_dt_2,dx_dt_3,dx_dt_4,dx_dt_5,dx_dt_6
0.0,0.09576092651018556,0.38800254944550255,0.015975230722923693,0.28492243697452413,0.10931645678940315,0.10602239955746103,6.091109369944852,2.4,365.9045240211792,0.027588962046883322,0.00342276462792158,0.02654755790191375,0.007549303482446122,0.016495467309514854,0.02148502519466728
30.0,0.9234297879166853,0.49068548828314995,0.8124019677803362,0.5114015414479077,0.6041804760748488,0.7505731553974795,6.091109369944852,2.4,328.7161138686821,-0.003755585676207586,-0.003066529398329058,-0.009967510250751235,0.003557892896000534,0.002677242809266753,-0.0019224523371766551
60.0,0.8107622176304576,0.3986896063332782,0.5133766602577992,0.6181383283279238,0.6844977603528514,0.6928995852821798,6.091109369944852,2.4,329.75287395952694,-0.0030205479556146514,-0.0011671463358479905,-0.005629042238623806,0.0006317940950362934,0.0005568111750574484,-0.0023387178750301353
90.0,0.7201457789620181,0.3636752162578385,0.34450539309908496,0.6370921511790125,0.7012020956045748,0.6227380490312758,6.091109369944852,2.4,331.2467329808213,-0.0025549125164779415,-0.0004351389359170352,-0.0035074349907907028,-0.0004260532305525066,-0.0004991587626463731,-0.002216825443982074
120.0,0.64349840346768,0.35062104818032747,0.2392823433753639,0.6243105542624374,0.6862273327251837,0.5562332857118136,6.091109369944852,2.4,332.98354413772716,-0.002211602126824833,-9.486685752156552e-05,-0.0022387016619714764,-0.0008815263877600151,-0.0010467890761332907,-0.001999359599265706
150.0,0.5771503396629349,0.34777504245468044,0.17212129351621958,0.597864762629637,0.6548236604411849,0.49625249773384233,6.091109369944852,2.4,334.8813621430939,-0.001941286258767482,6.480081551614014e-05,-0.001424096937034755,-0.0010659180917975716,-0.0013068824538469736,-0.001773988469955192
180.0,0.5189117518999105,0.3497190669201647,0.12939838540517692,0.5658872198757097,0.6156171868257757,0.44303284363518664,6.091109369944852,2.4,336.8483344831886,-0.0017180599819258202,0.000129882790133789,-0.000894018312618953,-0.001106216873816412,-0.00139614022379427,-0.0015614583381070703
210.0,0.4673699524421358,0.3536155506241783,0.10257783602660833,0.5327007136612173,0.5737329801119476,0.3961890934919745,6.091109369944852,2.4,338.7452042492217,-0.0015234644706296674,0.00014750227011337157,-0.0005589931808954967,-0.0010656941822783554,-0.0013873240106757995,-0.0013657691827036072
240.0,0.4216660183232458,0.3580406187275795,0.08580804059974344,0.5007298881928667,0.5321132597916737,0.35521601801086633,6.091109369944852,2.4,340.43648736265857,-0.0013447814705279412,0.00014719175119570676,-0.0003609520134269422,-0.0009832019440933213,-0.001328150968524337,-0.0011874686889226484
270.0,0.38132257420740756,0.3624563712634507,0.07497948019693516,0.471233829870067,0.4922687307359435,0.31959195734318685,6.091109369944852,2.4,341.8745062814385,-0.0011773792276174651,0.000144122059353738,-0.00025278775319857375,-0.0008844095503141428,-0.00124774038345055,-0.0010270723343237965
300.0,0.3460011973788836,0.3667800330440628,0.06739584760097794,0.44470154336064277,0.454836519232427,0.2887797873134729,6.091109369944852,2.4,343.10688809499453,-0.0010230454755328453,0.00014217116798435713,-0.00019561324595264464,-0.0007846839803375262,-0.0011611261910162802,-0.0008849557351604797
330.0,0.31530983311289823,0.37104516808359356,0.06152745022239861,0.42116102395051697,0.4200027335019386,0.26223111525865855,6.091109369944852,2.4,344.2106085132739,-0.0008847657628571516,0.00014026057850507242,-0.00016311445937369158,-0.0006913864722647478,-0.0010746991258698915,-0.0007606506584303022
360.0,0.2887668602271837,0.3752529854387457,0.05663401644118786,0.40041942978257455,0.3877617597258418,0.2394115955057495,6.091109369944852,2.4,345.2419452795257,-0.0007636567494299738,0.0001369445761850881,-0.00014134808798059502,-0.0006069767418621967,-0.000990836082668059,-0.000652820370034327
390.0,0.2658571577442845,0.3793613227242983,0.05239357380177001,0.3822101275267087,0.3580366772458001,0.21982698440471968,6.091109369944852,2.4,346.2290656005443,-0.0006589799953951507,0.00013167183706103117,-0.00012428759823951549,-0.0005316157344801269,-0.0009104439254389246,-0.0005596835048632494
420.0,0.24608775788242995,0.38331147783612923,0.04866494585458454,0.3662616554923048,0.3307233594826324,0.2030364792588222,6.091109369944852,2.4,347.1820855504975,-0.0005690795407162683,0.00012456251776667677,-0.00010969855266772925,-0.0004646406349815722,-0.0008339528129017829,-0.00047939447271013624
450.0,0.22901537166094188,0.38704835336912957,0.04537398927455267,0.3523224364428577,0.30570477509557886,0.1886546450775181,6.091109369944852,2.4,348.10264426730964,-0.0004920689549790677,0.00011601963678795544,-9.683008474588809e-05,-0.0004052018734744062,-0.0007616142788222265,-0.00041023975606777985
480.0,0.21425330301156986,0.39052894247276826,0.04246908673217602,0.3401663802386255,0.2828563467309121,0.17634745239548474,6.091109369944852,2.4,348.9893282933386,-0.0004261527664589213,0.00010649953860064614,-8.541779983589944e-05,-0.00035248219672944354,-0.0006935738555391953,-0.00035070315798507316
510.0,0.2014687200178022,0.39372392863078765,0.03990655273709904,0.3295919143367422,0.2620491310647362,0.16582635765593254,6.091109369944852,2.4,349.8401101310919,-0.0003697333115670962,9.641700230614216e-05,-7.532585768765452e-05,-0.00030575159878363785,-0.0006298906250104484,-0.0002994691006405137
540.0,0.19037672067078934,0.39661643869997193,0.0376467770064694,0.32041936637323304,0.24315241231442278,0.15684228463671712,6.091109369944852,2.4,350.6532626541134,-0.00032142456979705123,8.611906196494707e-05,-6.644100315152302e-05,-0.00026436989224001253,-0.0005705502736089384,-0.0002554040458372721
570.0,0.18073398357687778,0.39920001055892035,0.03565354691192371,0.31248826960603265,0.22603590410615462,0.14918016326159897,6.091109369944852,2.4,351.4276237926904,-0.00028003456425027803,7.588557935554513e-05,-5.8649613147395446e-05,-0.0002277766161913699,-0.0005154790889638503,-0.00021753314741157346
600.0,0.17233294664936946,0.4014765779395867,0.03389405851750185,0.3056549711202916,0.2105715314372391,0.14265416883925175,6.091109369944852,2.4,352.1626124773512,-0.00024454088701812525,6.593750948838593e-05,-5.18369010171397e-05,-0.00019547967930709213,-0.000464557938803794,-0.00018501792758902905
630.0,0.16499672003882568,0.40345470322423826,0.032338951486987656,0.29979058074107884,0.1966347932731253,0.1371036310115809,6.091109369944852,2.4,352.8581520046871,-0.0002140671827122216,5.644606166199118e-05,-4.589023504009112e-05,-0.0001670451612384221,-0.000417634867551437,-0.0001571364438717898
660.0,0.15857470455745903,0.40514808507409794,0.030962244435784922,0.2947792259039262,0.1841057472465822,0.13238953769542722,6.091109369944852,2.4,353.5145571558432,-0.0001878623388735223,4.754106962596567e-05,-4.070222926858183e-05,-0.00014208870544665605,-0.00037453578978763574,-0.0001332661610662695
690.0,0.15293883439125336,0.4065743171628769,0.029741177557727465,0.29051656474052645,0.17286967355295313,0.12839155286343915,6.091109369944852,2.4,354.1324243821909,-0.000165283015121766,3.931725961218937e-05,-3.617311975767024e-05,-0.00012026741587547934,-0.0003350727466655523,-0.00011286900831477554
720.0,0.14798034393760037,0.4077538349512426,0.02865598396499736,0.2869085422642621,0.16281749115298655,0.12500548261399588,6.091109369944852,2.4,354.71251204839734,-0.00014577805993834004,3.184084017249185e-05,-3.22117757039701e-05,-0.00010127444148456804,-0.00029905089924842516,-9.547918617211108e-05
750.0,0.14360700213945018,0.4087090601564174,0.027689630693878253,0.28387030901972504,0.15384596417553378,0.12214110702883256,6.091109369944852,2.4,355.2557060622772,-0.0001288778961677857,2.5149736970904356e-05,-2.873746593447238e-05,-8.482926661751903e-05,-0.0002662715352369307,-8.069102133238709e-05
780.0,0.1397406652544166,0.40946355226554454,0.026827506715844083,0.28132543102119945,0.14585781811842588,0.11972037638886093,6.091109369944852,2.4,355.7628717503021,-0.00011418011081628456,1.9264557842328165e-05,-2.5677689486888273e-05,-7.068053313406745e-05,-0.00023653850120176838,-6.81527064698289e-05
810.0,0.13631526192992804,0.41004148900081433,0.026057176031237434,0.27920501502717743,0.13876166308237284,0.11767579519476606,6.091109369944852,2.4,356.2350405769402,-0.00010134933631665655,1.4173318329903644e-05,-2.2973285724307968e-05,-5.858379093215005e-05,-0.00020965278376523672,-5.755212357932194e-05
840.0,0.13327478184042835,0.41046668855071144,0.025367977459508195,0.277447501299213,0.13247207956941573,0.11594923148738641,6.091109369944852,2.4,356.67301671644265,-9.009316539547088e-05,9.867164415446265e-06,-2.056749642479733e-05,-4.833227683139311e-05,-0.00018542733001024748,-4.8623023078978987e-05
870.0,0.13057198687856422,0.41076270348317484,0.024750952566764274,0.27599753299427116,0.1269092596691083,0.11449054079501703,6.091109369944852,2.4,357.07810055799996,-8.018514533560716e-05,6.2815982117420946e-06,-1.8424907212413962e-05,-3.9691949994664494e-05,-0.00016366277523005354,-4.1116878893742544e-05
900.0,0.12816643251849602,0.4109511514295271,0.02419820535039185,0.27480677449443125,0.12199937641220669,0.11325703442820476,6.091109369944852,2.4,357.4509406545041,-7.140880922204341e-05,3.402074156807016e-06,-1.6496102928043414e-05,-3.250654406070712e-05,-0.00014418940772452994,-3.483812715282662e-05
930.0,0.1260241682418347,0.41105321365423125,0.02370332226255055,0.27383157817261,0.1176736941804708,0.11221189061361996,6.091109369944852,2.4,357.7933922492418,-6.363034283667939e-05,1.1035791681540147e-06,-1.4773826507951583e-05,-2.6527156849408365e-05,-0.000126801752690425,-2.95778666015681e-05
960.0,0.12411525795673432,0.4110863210292759,0.023260107467312,0.27303576346712777,0.11386964159975804,0.11132455461557292,6.091109369944852,2.4,358.10581393278005,-5.667599191406983e-05,-5.994361155289967e-07,-1.3201645241890682e-05,-2.1671406238909506e-05,-0.00011135809917689653,-2.5207712043510038e-05
990.0,0.12241497819931224,0.41106833794581,0.02286405811005528,0.27238562127996047,0.11052889862445114,0.11056832325426762,6.091109369944852,2.4,358.39090213050076,-5.0493003736686436e-05,-1.9023132403404445e-06,-1.1808954344330764e-05,-1.7650738344294018e-05,-9.763968879427803e-05,-2.1538145170606103e-05
1020.0,0.12090018808721165,0.41101126854859976,0.02250978947972536,0.27185609912963166,0.1075997079606228,0.10992217889914943,6.091109369944852,2.4,358.64852470581803,-4.491980084131848e-05,-2.7225843996463165e-06,-1.0512846982627114e-05,-1.4489438331912758e-05,-8.55461116806055e-05,-1.8510918777169655e-05
1050.0,0.11955259406197208,0.41092959101661036,0.022194404070246546,0.2714214159796743,0.10503332461020463,0.10936685133583433,6.091109369944852,2.4,358.882369937547,-3.997459967154166e-05,-3.334461955997782e-06,-9.392534291033582e-06,-1.1835930201292938e-05,-7.48396537511033e-05,-1.5938193364113728e-05
1080.0,0.11835335607182583,0.41082955715793046,0.021912628041515538,0.2710663380736355,0.10278813499767153,0.10888870553491092,6.091109369944852,2.4,359.09161657072576,-3.548512463697452e-05,-3.555888681119486e-06,-8.316305758346325e-06,-9.85077782712618e-06,-6.547385288992241e-05,-1.383549754755385e-05
1110.0,0.11728880233271659,0.4107228804974969,0.02166313886876515,0.2707708147388217,0.10082391941097385,0.10847364060848431,6.091109369944852,2.4,359.28090233160174,-3.152982571167148e-05,-3.7445031104173708e-06,-7.430076436350916e-06,-8.099539286652291e-06,-5.7189077665523966e-05,-1.2001625069441544e-05
1140.0,0.11634290756136645,0.41061054540418435,0.021440236575674624,0.2705278285602221,0.09910824708100813,0.10811359185640106,6.091109369944852,2.4,359.44861572385247,-2.791422129469579e-05,-3.603380048487178e-06,-6.530708062809174e-06,-6.896037006700796e-06,-5.000099453260962e-05,-1.0526272070543018e-05
1170.0,0.11550548092252558,0.4105024440027297,0.021244315333790346,0.2703209474500211,0.09760821724502984,0.10779780369428478,6.091109369944852,2.4,359.6001288581958,-2.4764520959932696e-05,-3.5721813003076735e-06,-5.849429823682282e-06,-5.709117256597256e-06,-4.362773381707119e-05,-9.183328368131851e-06
1200.0,0.11476254529372759,0.41039527856372054,0.02106883243907988,0.2701496739323232,0.0962993852305177,0.10752230384324082,6.091109369944852,2.4,359.7330893271746,-2.1863974544744966e-05,-3.2417708250610706e-06,-5.090788410086351e-06,-5.0077137476680866e-06,-3.814893692919911e-05,-8.132818752589001e-06
1230.0,0.11410662605738524,0.41029802543896865,0.020916108786777285,0.2699994425198931,0.09515491712264174,0.10727831928066316,6.091109369944852,2.4,359.8532778689113,-1.9372181677943665e-05,-3.125806383074943e-06,-4.5894468541074686e-06,-4.1576859928488405e-06,-3.326219922045217e-05,-7.116376357346804e-06
1260.0,0.11352546060704692,0.41020425124747645,0.020778425381154063,0.26987471194010765,0.09415705114602817,0.10706482798994274,6.091109369944852,2.4,359.95779445356686,-1.705863666417818e-05,-2.7194210666874512e-06,-3.939730851482968e-06,-3.7727788539488433e-06,-2.9107129822610593e-05,-6.35733423412895e-06
1290.0,0.11301370150712158,0.4101226686154758,0.020660233455609574,0.2697615285744892,0.09328383725134985,0.10687410796291887,6.091109369944852,2.4,360.05245736305204,-1.510061153748147e-05,-2.5963411126356013e-06,-3.5955609096638294e-06,-3.1172366526826895e-06,-2.536388668629272e-05,-5.5619040569734776e-06
1320.0,0.11256068316099713,0.41004477838209674,0.02055236662831966,0.2696680114749087,0.09252292065076108,0.10670725084120967,6.091109369944852,2.4,360.1341121715146,-1.326715209151018e-05,-2.1803020194737285e-06,-3.026815553228844e-06,-2.931915472708726e-06,-2.22239625053453e-05,-5.0080949293675506e-06
1350.0,0.11216266859825182,0.4099793693215125,0.020461562161722794,0.2695800540107275,0.09185620177560072,0.10655700799332865,6.091109369944852,2.4,360.20824569421,-1.1737001987732825e-05,-2.0868106462067272e-06,-2.818946104763185e-06,-2.387444376264956e-06,-1.935416081966145e-05,-4.367158858828194e-06
1380.0,0.11181055853861983,0.4099167650021263,0.020376993778579898,0.26950843067943947,0.09127557695101088,0.1064259932275638,6.091109369944852,2.4,360.27179142581247,-1.0293760973279312e-05,-1.6955675990402832e-06,-2.3073479272008855e-06,-2.330432937296162e-06,-1.698753931354954e-05,-3.962627987535021e-06
1410.0,0.11150174570942147,0.4098658979741551,0.02030777334076387,0.2694385176913206,0.09076595077160439,0.10630711438793776,6.091109369944852,2.4,360.32956218210074,-9.101733077602175e-06,-1.6427084099470875e-06,-2.216821871188315e-06,-1.8513320856238414e-06,-1.4782496366922838e-05,-3.434181411538569e-06
1440.0,0.1112286937170934,0.4098166167218567,0.020241268684628222,0.2693829777287519,0.0903224758805967,0.10620408894559161,6.091109369944852,2.4,360.3789328878773,-7.97395324068722e-06,-1.2917538342634583e-06,-1.7430517110051658e-06,-1.8791552925267416e-06,-1.3002296526082345e-05,-3.1415070804882562e-06
1470.0,0.11098947511987278,0.4097778641068288,0.020188977133298067,0.2693266030699761,0.08993240698481425,0.10610984373317696,6.091109369944852,2.4,360.42373124046316,-7.045063366972706e-06,-1.2762148464445483e-06,-1.7526692612107206e-06,-1.442520402545503e-06,-1.1302938973481504e-05,-2.698582178611445e-06
1500.0,0.11077812321886361,0.4097395776614355,0.020136397055461743,0.26928332745789973,0.08959331881560981,0.10602888626781862,6.091109369944852,2.4,360.46211980029466,-6.1716705637052385e-06,-9.714270852977488e-07,-1.3021733144581436e-06,-1.5271364542832657e-06,-9.965854281927002e-06,-2.491267657216107e-06
1530.0,0.11059297310195246,0.40971043484887654,0.020097331856027998,0.2692375133642712,0.089294343187152,0.10595414823810213,6.091109369944852,2.4,360.49665253626586,-5.444140747798621e-06,-9.826060022084185e-07,-1.3959856622483288e-06,-1.1236666713812303e-06,-8.652221240328278e-06,-2.116247747907591e-06
1560.0,0.11042964887951849,0.40968095666881027,0.020055452286160548,0.2692038033641298,0.08903477654994214,0.1058906608056649,6.091109369944852,2.4,360.5266179168099,-4.776290031348482e-06,-7.263617574566809e-07,-9.59179840842587e-07,-1.244420787847625e-06,-7.648509582075459e-06,-1.974002100063192e-06
1590.0,0.11028636017857804,0.4096591658160866,0.020026676890935274,0.2691664707404944,0.08880532126247988,0.105831440742663,6.091109369944852,2.4,360.5530119384719,-4.1996612644177455e-06,-7.500451267907841e-07,-1.1216234799757599e-06,-8.735145960357869e-07,-6.631097474319724e-06,-1.6555099822601965e-06
1620.0,0.1101603703406455,0.4096366644622828,0.019993028186535998,0.26914026530261337,0.08860638833825028,0.10578177544319518,6.091109369944852,2.4,360.5765924792983,-3.69922953761042e-06,-5.4504255456933e-07,-6.941897971998714e-07,-1.011953020554711e-06,-5.876246258809738e-06,-1.5613177069051795e-06
1650.0,0.11004939345451718,0.40962031318564573,0.019972202492620002,0.2691099067119967,0.088430100950486,0.10573493591198803,6.091109369944852,2.4,360.5964930201722,-3.2322925751483233e-06,-5.647365030115563e-07,-9.088787386850107e-07,-6.79720649752287e-07,-5.089261889646558e-06,-1.2927322756326832e-06
1680.0,0.10995242467726274,0.4096033710905554,0.019944936130459452,0.2690895150925042,0.0882774230937966,0.10569615394371905,6.091109369944852,2.4,360.6153129945129,-2.8704481380915134e-06,-4.164744127511477e-07,-4.92318376246917e-07,-8.160011740987792e-07,-4.5172344567993215e-06,-1.230902654995431e-06
1710.0,0.10986631123311999,0.40959087685817286,0.019930166579172046,0.2690650350572812,0.08814190606009262,0.1056592268640692,6.091109369944852,2.4,360.62996825545457,-2.4791558472439636e-06,-4.1320405110607965e-07,-7.404755437318395e-07,-5.352083733795115e-07,-3.913583679908761e-06,-1.0098854542175136e-06
1740.0,0.10979193655770268,0.40957848073663966,0.019907952312860088,0.2690489788060798,0.08802449854969537,0.10562893030044268,6.091109369944852,2.4,360.64533238745463,-2.2351356433314023e-06,-3.3185850463128887e-07,-3.4307975223058913e-07,-6.451695418128522e-07,-3.471375384143369e-06,-9.645420904663436e-07
1770.0,0.10972488248840273,0.40956852498150076,0.01989765992029317,0.2690296237198254,0.08792035728817106,0.10559999403772868,6.091109369944852,2.4,360.6556614609972,-1.8905925926745745e-06,-2.8293930990550967e-07,-6.015308425086447e-07,-4.3654638761304533e-07,-3.019146972887741e-06,-7.932291374985575e-07
1800.0,0.1096681647106225,0.40956003680220354,0.01987961399501791,0.26901652732819703,0.08782978287898444,0.10557619716360372,6.091109369944852,2.4,360.66863647097637,-1.75077654594863e-06,-2.851697046676138e-07,-2.399372995143626e-07,-4.887687502812969e-07,-2.6623245181945102e-06,-7.468906844906203e-07
1830.0,0.10961564141424404,0.4095514817110635,0.019872415876032477,0.2690018642656886,0.0877499131434386,0.10555379044306902,6.091109369944852,2.4,360.6752798367958,-1.4273227022358043e-06,-1.6217359798413907e-07,-4.785242587641087e-07,-3.8346405756941903e-07,-2.3425529538656983e-06,-6.32602524434298e-07
1860.0,0.10957282173317698,0.40954661650312396,0.019858060148269557,0.2689903603439615,0.08767963655482261,0.10553481236733599,6.091109369944852,2.4,360.68676441080294,-1.3846603941019908e-06,-2.732508128291921e-07,-1.8005577883014917e-07,-3.3581781782733405e-07,-2.0314510875400183e-06,-5.646142399762685e-07
1890.0,0.10953128192135392,0.4095384189787391,0.01985265847490465,0.26898028580942673,0.08761869302219642,0.10551787394013669,6.091109369944852,2.4,360.69011694487193,-1.0579978202895506e-06,-3.916295812920243e-08,-3.5825056709579653e-07,-3.790534434956563e-07,-1.8370112866307874e-06,-5.210758304225998e-07
1920.0,0.10949954198674523,0.4095372440899952,0.019841910957891774,0.26896891420612185,0.0875635826835975,0.10550224166522401,6.091109369944852,2.4,360.70090266865225,-1.111831852939914e-06,-2.9575837373141864e-07,-1.642929722902941e-07,-1.742741409356315e-07,-1.5332745881286223e-06,-4.0569255217847563e-07
1950.0,0.10946618703115703,0.4095283713387833,0.019836982168723066,0.2689636859818938,0.08751758444595364,0.10549007088865867,6.091109369944852,2.4,360.70112847465293,-7.570808468038863e-07,9.888030917970118e-08,-2.2669315442498222e-07,-4.304968391050665e-07,-1.468857189781095e-06,-4.5486362195804603e-07
1980.0,0.1094434746057529,0.40953133774805867,0.019830181374090317,0.2689507710767206,0.08747351873026021,0.10547642497999993,6.091109369944852,2.4,360.7119549323649,-9.134297552413043e-07,-3.551305631790275e-07,-1.974714068272217e-07,9.735286967739145e-09,-1.1320142136634393e-06,-2.5876882882352177e-07
2010.0,0.10941607171309567,0.4095206838311633,0.0198242572318855,0.2689510631353296,0.0874395583038503,0.10546866191513521,6.091109369944852,2.4,360.70898138893506,-5.029237215014491e-07,2.6726913995516897e-07,-6.771433962889685e-08,-5.503729867044033e-07,-1.2152552189546506e-06,-4.334983763187423e-07
2040.0,0.10940098400145062,0.40952870190536195,0.01982222580169663,0.2689345519457285,0.08740310064728167,0.10545565696384565,6.091109369944852,2.4,360.72058944630544,-7.753469913676247e-07,-4.566687742557948e-07,-2.8899532168914423e-07,2.3283438312564518e-07,-7.989729159308155e-07,-1.1246714000653261e-07
2070.0,0.1093777235917096,0.40951500184213424,0.01981355594204596,0.2689415369772223,0.08737913145980374,0.10545228294964545,6.091109369944852,2.4,360.71407408658956,-2.7584714256708584e-07,4.8599161174925e-07,1.386045321188054e-07,-7.588064813166498e-07,-1.0629925818103855e-06,-4.603455767765627e-07
2100.0,0.10936944817743259,0.40952958159048675,0.019817714078009523,0.26891877278278276,0.08734724168234943,0.10543847258234215,6.091109369944852,2.4,360.72726324689364,-6.871481653279129e-07,-6.088187822936343e-07,-4.5393404335318213e-07,5.156393974631123e-07,-5.105426443509931e-07,4.540879628623852e-08
2130.0,0.10934883373247274,0.4095113170270179,0.01980409605670893,0.26893424196470667,0.0873319254030189,0.10543983484623075,6.091109369944852,2.4,360.7165198940777,-5.5911654218222945e-08,7.830658773788785e-07,4.182525416544904e-07,-1.0870256063998303e-06,-1.0084475478158983e-06,-5.436500591046605e-07
2160.0,0.1093471563828462,0.4095348090033392,0.019816643632958562,0.26890163119651467,0.08730167197658442,0.10542352534445762,6.091109369944852,2.4,360.7322202822399,-6.412205159954999e-07,-8.238309832947667e-07,-7.148084630913504e-07,8.846297949045016e-07,-2.4664529086917726e-07,2.2894453364866536e-07
2190.0,0.10932791976736633,0.40951009407384037,0.019795199379065823,0.2689281700903618,0.08729427261785835,0.10543039368046707,6.091109369944852,2.4,360.7160768291608,1.801500498457539e-07,1.2001359825805206e-06,8.067033331328311e-07,-1.5834274149214938e-06,-1.059095534274451e-06,-6.984924128984642e-07
2220.0,0.1093333242688617,0.40954609815331783,0.019819400479059807,0.26888066726791415,0.08726249975183012,0.10540943890808012,6.091109369944852,2.4,360.73545774928783,-6.322494224449445e-07,-1.119275777237682e-06,-1.1045577908735122e-06,1.3753412729029195e-06,1.0624713272941086e-08,4.5576356382490427e-07
2250.0,0.10931435678618835,0.40951251988000065,0.019786263745333602,0.2689219275061013,0.08726281849322831,0.10542311181499486,6.091109369944852,2.4,360.7119897631881,4.638075759943455e-07,1.8023095712822523e-06,1.3543774243445645e-06,-2.32428365665021e-06,-1.2373925514150031e-06,-9.504039131502382e-07
2280.0,0.10932827101346818,0.4095665891671391,0.01982689506806394,0.2688521989964018,0.08722569671668585,0.10539459969760034,6.091109369944852,2.4,360.7366538664747,-6.5741770041824e-07,-1.5216552395571149e-06,-1.6716728829246763e-06,2.0385054288464555e-06,2.786153552217997e-07,7.499486983543817e-07
2310.0,0.10930854848245564,0.4095209395099524,0.0197767448815762,0.26891335415926715,0.08723405517734252,0.10541709815855098,6.091109369944852,2.4,360.70267992766713,8.432741745280697e-07,2.6961848189441426e-06,2.135942719203587e-06,-3.433314123724426e-06,-1.5887691997589507e-06,-1.342145845966689e-06
2340.0,0.10933384670769149,0.4096018250545207,0.019840823163152305,0.2688103547355554,0.08718639210134975,0.10537683378317199,6.091109369944852,2.4,360.73505484721613,-7.184824279423422e-07,-2.075168799885187e-06,-2.4895595647407186e-06,2.9528981803425625e-06,5.770718729723902e-07,1.147782540888056e-06
2370.0,0.10931229223485321,0.40953956999052415,0.019766136376210084,0.2688989416809657,0.08720370425753893,0.10541126725939863,6.091109369944852,2.4,360.6851553940262,1.3994727196915682e-06,4.0641227468538455e-06,3.2670259499633317e-06,-5.118764545331971e-06,-2.1972631820410567e-06,-1.9467728674800683e-06
2400.0,0.10935427641644396,0.40966149367292976,0.019864147154708984,0.26874537874460575,0.0871377863620777,0.10535286407337423,6.091109369944852,2.4,360.72933531718604,-8.28537014397291e-07,-2.8626168128989602e-06,-3.6744046095404176e-06,4.253213849287957e-06,9.349188952498116e-07,1.709656524042759e-06
2430.0,0.10932942030601203,0.40957561516854285,0.01975391501642277,0.26887297516008435,0.08716583392893519,0.10540415376909551,6.091109369944852,2.4,360.6538821125743,2.2775211585396024e-06,6.2320649813945885e-06,4.935622871679587e-06,-7.746430636199855e-06,-3.2162293029515513e-06,-2.8937038182232737e-06
2460.0,0.10939774594076822,0.40976257711798464,0.01990198370257316,0.26864058224099835,0.08706934704984665,0.10531734265454881,6.091109369944852,2.4,360.71746941274915,-1.0292523720346022e-06,-4.052642068224803e-06,-5.419980371665649e-06,6.189749912734913e-06,1.4058289115326051e-06,2.544903582100537e-06
2490.0,0.10936686836960718,0.4096409978559379,0.019739384291423193,0.2688262747383804,0.08711152191719262,0.10539368976201183,6.091109369944852,2.4,360.5985214747757,3.752496340676883e-06,9.81028328100819e-06,7.463126197119032e-06,-1.1989907180210201e-05,-4.93077512031916e-06,-4.422876353711394e-06
2520.0,0.10947944325982749,0.40993530635436815,0.019963278077336763,0.2684665775229741,0.08696359866358304,0.1052610034714005,6.091109369944852,2.4,360.69659896885815,-1.4278533880237798e-06,-5.996845991286795e-06,-8.064167026410912e-06,9.24844238023748e-06,2.099782147568427e-06,3.8614347824989144e-06
2550.0,0.10943660765818677,0.40975540097462954,0.019721353066544437,0.26874403079438125,0.08702659212801009,0.10537684651487546,6.091109369944852,2.4,360.49905272831603,6.374640628876718e-06,1.5998939969108925e-05,1.1423721216101364e-05,-1.915151021406579e-05,-7.89029971248819e-06,-7.00090635714971e-06
2580.0,0.10962784687705308,0.41023536917370285,0.020064064703027476,0.26816948548795927,0.08678988313663545,0.10516681932416097,6.091109369944852,2.4,360.66246389238916,-2.2625319389268615e-06,-9.402698412040668e-06,-1.2205968607280784e-05,1.4365670729106618e-05,3.2333177181322686e-06,6.056498722569843e-06
2610.0,0.10955997091888528,0.4099532882213416,0.019697885644809055,0.2686004556098324,0.08688688266817941,0.10534851428583807,6.091109369944852,2.4,360.3146279824581,1.1295366931109875e-05,2.7255024266148226e-05,1.7863278475836332e-05,-3.1844305377449296e-05,-1.3191193984902326e-05,-1.1567774353830231e-05
2640.0,0.10989883192681858,0.41077093894932604,0.020233783999084144,0.2676451264485089,0.08649114684863235,0.10500148105522317,6.091109369944852,2.4,360.6068023305819,-4.00054509151033e-06,-1.5595859193509e-05,-1.8870569344264487e-05,2.325655907061432e-05,5.179498288124284e-06,9.864260134525355e-06
2670.0,0.10977881557407328,0.4103030631735208,0.019667666918756207,0.26834282322062736,0.08664653179727608,0.10529740885925892,6.091109369944852,2.4,359.9589202238425,2.0935383167732872e-05,4.860030057768497e-05,2.8596425612958636e-05,-5.527188361118537e-05,-2.3006686001774052e-05,-2.0000025375263538e-05
2700.0,0.11040687706910526,0.4117610721908513,0.020525559687144968,0.2666846667122918,0.08595633121722285,0.10469740809800103,6.091109369944852,2.4,360.5109497070439,-7.526692849118299e-06,-2.693322963897056e-05,-2.958983236692339e-05,3.8864010913980365e-05,8.480954331800639e-06,1.657603323539506e-05
2730.0,0.11018107628363172,0.4109530753016822,0.01963786471613727,0.2678505870397112,0.08621075984717687,0.10519468909506288,6.091109369944852,2.4,359.2602712666015,3.981515156358092e-05,8.90604322941464e-05,4.6065257585e-05,-9.844578910727523e-05,-4.1039777414279034e-05,-3.556844782298496e-05
2760.0,0.11137553083053915,0.4136248882705066,0.021019822443687268,0.26489721336649297,0.0849795665247485,0.10412763566037334,6.091109369944852,2.4,360.33692543227056,-1.4475989778826791e-05,-4.7134204296051504e-05,-4.5600945387548225e-05,6.535578255968281e-05,1.3650578158750077e-05,2.8105303235923763e-05
2790.0,0.11094125113717435,0.412210862141625,0.019651794082060824,0.2668578868432835,0.085389083869511,0.10497079475745105,6.091109369944852,2.4,358.04365273065764,7.068683679917788e-05,0.0001534324587476938,6.981062658947042e-05,-0.00016545665335588512,-6.871903982830815e-05,-5.984166487141308e-05
2820.0,0.11306185624114967,0.41681383590405585,0.021746112879744935,0.2618941872426069,0.08332751267466175,0.10317554481130865,6.091109369944852,2.4,359.95390861243766,-2.3413549761577246e-05,-7.187938769570939e-05,-6.185334963490231e-05,9.696207989254909e-05,1.7465424151467404e-05,4.264192955804348e-05
2850.0,0.11235944974830236,0.4146574542731846,0.01989051239069787,0.26480304963938334,0.08385147539920577,0.10445480269804996,6.091109369944852,2.4,357.4059133773691,7.398377688577418e-05,0.00016317855904328184,8.066268862115404e-05,-0.0001783628401105935,-7.549966202998078e-05,-6.403007426926943e-05
2880.0,0.11457896305487558,0.41955281104448305,0.02231039304933249,0.25945216443606556,0.08158648553830636,0.10253390046997188,6.091109369944852,2.4,359.69751802275584,-3.4274613023127626e-05,-9.67763470258867e-05,-7.224408090692138e-05,0.000125026957761194,2.3562893796776567e-05,5.464581338612444e-05
2910.0,0.11355072466418176,0.4166495206337064,0.02014307062212485,0.26320297316890134,0.08229337235220965,0.10417327487155562,6.091109369944852,2.4,360.10534641584525,-3.371968639683726e-05,-4.2047277148552506e-05,4.867438069131105e-05,1.6675828277904385e-05,3.057600632601116e-06,7.306964251072583e-06
2940.0,0.11253913407227663,0.41538810231924983,0.021603302042864182,0.2637032480172385,0.0823851003711877,0.10439248379908778,6.091109369944852,2.4,369.0186974152616,-0.0004199997261439117,-0.0008964543679249896,-0.00039722271386381677,0.0009529274314433884,0.0004263751728523382,0.0003343283304986839
2970.0,0.09993914228795929,0.3884944712815001,0.009686620626949676,0.29229107096054013,0.09517635555675784,0.11442233371404831,6.091109369944852,2.4,378.2085724487174,-0.0006880773544493741,-0.0008304808649276194,0.0008305795323736249,0.00028482297238724067,0.0003910694774848705,1.204591605026713e-05
3000.0,0.07929682165447806,0.36358004533367155,0.034604006598158425,0.30083576013215735,0.10690843988130395,0.1147837111955563,6.091109369944852,2.4,373.15000047365413,-1.2961686487584253e-05,-0.0012214922883021088,-0.0033470092424651003,0.0024170752244472207,0.0014337343778480897,0.0007306181739665141
